Id,PDB,matched,2D,exon
1,1,M,L,1
2,2,S,H,1
3,3,V,H,1
4,4,S,H,1
5,5,E,H,1
6,6,I,H,1
7,7,F,H,1
8,8,V,H,1
9,9,E,H,1
10,10,L,H,1
11,11,Q,H,1
12,12,G,H,1
13,13,F,H,1
14,14,L,H,1
15,15,A,H,1
16,16,A,H,1
17,17,E,H,1
18,18,Q,H,1
19,19,D,H,1
20,20,I,H,1
21,21,R,H,1
22,22,E,H,1
23,23,E,H,2
24,24,I,H,2
25,25,R,H,2
26,26,K,H,2
27,27,V,H,2
28,28,V,H,2
29,29,Q,H,2
30,30,S,H,2
31,31,L,H,2
32,32,E,H,2
33,33,Q,H,2
34,34,T,H,2
35,35,A,H,2
36,36,R,H,2
37,37,E,H,2
38,38,I,H,2
39,39,L,H,2
40,40,T,H,2
41,41,L,H,2
42,42,L,H,2
43,43,Q,H,2
44,44,G,H,2
45,45,V,L,2
46,46,H,L,2
47,47,Q,L,2
48,48,G,L,2
49,49,A,L,2
50,50,G,L,2
51,51,F,L,2
52,52,Q,H,2
53,53,D,H,2
54,54,I,H,3
55,55,P,H,3
56,56,K,H,3
57,57,R,H,3
58,58,C,H,3
59,59,L,H,3
60,60,K,H,3
61,61,A,H,3
62,62,R,H,3
63,63,E,H,3
64,64,H,H,3
65,65,F,H,3
66,66,G,H,3
67,67,T,H,3
68,68,V,H,3
69,69,K,H,3
70,70,T,H,3
71,71,H,H,3
72,72,L,H,3
73,73,T,H,3
74,74,S,H,3
75,75,L,H,3
76,76,K,H,3
77,77,T,L,3
78,78,K,L,3
79,79,F,L,3
80,80,P,L,3
81,81,A,L,3
82,82,E,L,3
83,83,Q,H,3
84,84,Y,H,3
85,85,Y,H,3
86,86,R,H,4
87,87,F,H,4
88,88,H,H,4
89,89,E,L,4
90,90,H,L,4
91,91,W,H,4
92,92,R,H,4
93,93,F,H,4
94,94,V,H,4
95,95,L,H,4
96,96,Q,H,4
97,97,R,H,4
98,98,L,H,4
99,99,V,H,4
100,100,F,H,4
101,101,L,H,4
102,102,A,H,4
103,103,A,H,4
104,104,F,H,4
105,105,V,H,4
106,106,V,H,4
107,107,Y,H,4
108,108,L,H,4
109,109,E,H,4
110,110,T,H,4
111,111,E,H,4
112,112,T,L,4
113,113,L,L,4
114,114,V,L,4
115,115,T,H,4
116,116,R,H,4
117,117,E,H,4
118,118,A,H,4
119,119,V,H,4
120,120,T,H,4
121,121,E,H,4
122,122,I,H,4
123,123,L,H,4
124,124,G,L,4
125,125,I,L,5
126,126,E,L,5
127,127,P,L,5
128,128,D,L,5
129,129,R,L,5
130,130,E,L,5
131,131,K,L,5
132,132,G,L,5
133,133,F,L,5
134,134,H,L,5
135,135,L,L,5
136,136,D,H,5
137,137,V,H,5
138,138,E,H,5
139,139,D,H,5
140,140,Y,H,5
141,141,L,H,5
142,142,S,H,5
143,143,G,H,5
144,144,V,H,5
145,145,L,H,5
146,146,I,H,5
147,147,L,H,5
148,148,A,H,5
149,149,S,H,5
150,150,E,H,5
151,151,L,H,5
152,152,S,H,6
153,153,R,H,6
154,154,L,H,6
155,155,S,H,6
156,156,V,H,6
157,157,N,H,6
158,158,S,H,6
159,159,V,H,6
160,160,T,H,6
161,161,A,L,6
162,162,G,L,6
163,163,D,L,6
164,164,Y,L,6
165,165,S,H,6
166,166,R,H,6
167,167,P,H,6
168,168,L,H,6
169,169,H,H,6
170,170,I,H,6
171,171,S,H,6
172,172,T,H,6
173,173,F,H,6
174,174,I,H,6
175,175,N,H,6
176,176,E,H,6
177,177,L,H,6
178,178,D,H,6
179,179,S,H,6
180,180,G,H,6
181,181,F,H,6
182,182,R,H,6
183,183,L,H,6
184,184,L,H,6
185,185,N,L,6
186,186,L,L,6
187,187,K,L,6
188,188,N,L,6
189,189,D,L,6
190,190,S,H,6
191,191,L,H,6
192,192,R,H,6
193,193,K,H,6
194,194,R,H,6
195,195,Y,H,6
196,196,D,H,6
197,197,G,H,6
198,198,L,H,6
199,199,K,H,6
200,200,Y,H,6
201,201,D,H,6
202,202,V,H,6
203,203,K,H,6
204,204,K,H,6
205,205,V,H,6
206,206,E,H,6
207,207,E,H,6
208,208,V,H,6
209,209,V,H,6
210,210,Y,H,6
211,211,D,H,6
212,212,L,H,6
213,213,S,H,6
214,214,I,H,6
215,215,R,L,6
216,216,G,L,6
217,217,F,L,6
